{"cameraMode":{"drawMode":0,"name":"Shaded","section":"Shading Mode"},"sceneLighting":false,"audioPlay":false,"sceneViewState":{"m_AlwaysRefresh":false,"showFog":true,"showSkybox":false,"showFlares":true,"showImageEffects":true,"showParticleSystems":true,"showVisualEffectGraphs":true,"m_FxEnabled":true},"in2DMode":false,"pivot":{"x":-0.0062950849533081059,"y":0.4664191007614136,"z":0.006609737873077393},"rotation":{"x":-0.19271360337734223,"y":-0.8067605495452881,"z":0.410948246717453,"w":-0.3784692883491516},"size":1.288134217262268,"orthographic":false}